,Dress_ID,29/8/2013,31/8/2013,2013-02-09 00:00:00,2013-04-09 00:00:00,2013-06-09 00:00:00,2013-08-09 00:00:00,2013-10-09 00:00:00,2013-12-09 00:00:00,14/9/2013,16/9/2013,18/9/2013,20/9/2013,22/9/2013,24/9/2013,26/9/2013,28/9/2013,30/9/2013,2013-02-10 00:00:00,2013-04-10 00:00:00,2013-06-10 00:00:00,2010-08-10 00:00:00,2013-10-10 00:00:00,2013-12-10 00:00:00
0,1006032852,2114,2274,2491,2660,2727,2887,2930,3119.0,3204.0,3277.0,3321.0,3386.0,3479.0,3554,3624.0,3706,3746.0,3795.0,3832.0,3897,3923.0,3985.0,4048
1,1212192089,151,275,570,750,813,1066,1164,1558.0,1756.0,1878.0,1985.0,2106.0,2454.0,2710,2942.0,3258,3354.0,3475.0,3654.0,3911,4024.0,4125.0,4277
2,1190380701,6,7,7,7,8,8,9,10.0,10.0,10.0,10.0,10.0,11.0,11,11.0,11,11.0,11.0,11.0,11,11.0,11.0,11
3,966005983,1005,1128,1326,1455,1507,1621,1637,1723.0,1746.0,1783.0,1796.0,1812.0,1845.0,1878,1892.0,1914,1924.0,1929.0,1941.0,1952,1955.0,1959.0,1963
4,876339541,996,1175,1304,1396,1432,1559,1570,1638.0,1655.0,1681.0,1743.0,1824.0,1919.0,2032,2156.0,2252,2312.0,2387.0,2459.0,2544,2614.0,2693.0,2736
5,1068332458,4,5,11,13,13,13,16,18.0,19.0,20.0,20.0,21.0,22.0,25,25.0,26,26.0,26.0,26.0,27,27.0,27.0,27
6,1220707172,45,61,131,165,176,209,216,251.0,262.0,289.0,295.0,325.0,353.0,379,400.0,417,424.0,445.0,462.0,474,494.0,503.0,552
7,1219677488,4,13,55,73,76,89,94,117.0,121.0,125.0,135.0,142.0,150.0,160,165.0,169,172.0,196.0,212.0,224,241.0,252.0,263
8,1113094204,5,6,10,12,13,15,16,17.0,17.0,19.0,21.0,25.0,27.0,27,28.0,29,29.0,29.0,29.0,29,29.0,29.0,33
9,985292672,9,11,12,12,12,12,12,13.0,13.0,13.0,13.0,14.0,14.0,14,14.0,14,14.0,14.0,14.0,14,14.0,14.0,14
10,1117293701,15,28,42,49,49,55,56,65.0,66.0,68.0,68.0,78.0,89.0,93,98.0,106,114.0,119.0,124.0,128,130.0,133.0,138
11,898481530,23,38,54,59,65,72,77,90.0,102.0,106.0,117.0,122.0,133.0,153,162.0,170,172.0,176.0,181.0,185,188.0,195.0,202
12,957723897,1235,1333,1471,1568,1602,1722,1756,1906.0,1994.0,2077.0,2105.0,2192.0,2284.0,2395,2423.0,2537,2580.0,2645.0,2704.0,2748,2813.0,2914.0,2979
13,749031896,2498,2545,2627,2656,2669,2738,2769,2934.0,3001.0,3068.0,3125.0,3239.0,3339.0,3445,3561.0,3667,3680.0,3745.0,3842.0,3952,3999.0,4077.0,4170
14,1055411544,22,28,40,43,44,45,45,49.0,50.0,51.0,51.0,52.0,53.0,52,52.0,52,52.0,52.0,52.0,52,52.0,53.0,53
15,1162628131,4,8,19,25,26,31,35,45.0,48.0,58.0,74.0,88.0,97.0,120,132.0,158,163.0,174.0,182.0,195,204.0,213.0,220
16,624314841,1587,1669,1729,1764,1782,1817,1833,1898.0,1909.0,1954.0,2005.0,2096.0,2120.0,2163,2241.0,2301,2325.0,2375.0,2421.0,2479,2492.0,2512.0,2526
17,830467746,10,13,17,17,17,17,17,17.0,17.0,17.0,17.0,18.0,18.0,18,19.0,19,19.0,19.0,19.0,19,19.0,19.0,19
18,840857118,2,4,10,11,11,12,12,12.0,13.0,13.0,13.0,13.0,13.0,13,13.0,16,16.0,17.0,17.0,17,17.0,17.0,17
19,1113221101,122,143,243,279,299,322,331,381.0,401.0,413.0,442.0,458.0,470.0,496,517.0,539,542.0,562.0,575.0,596,602.0,621.0,644
20,861754372,104,106,142,163,171,192,196,227.0,247.0,258.0,264.0,285.0,291.0,316,244.0,365,368.0,369.0,370.0,372,374.0,375.0,376
21,856178100,856,967,1057,1109,1124,1173,1198,1248.0,1284.0,1300.0,1326.0,1366.0,1388.0,1431,1482.0,1533,1564.0,1572.0,1621.0,1682,1699.0,1726.0,1761
22,1122989777,145,189,219,229,229,233,233,233.0,233.0,233.0,233.0,233.0,233.0,233,233.0,233,233.0,233.0,234.0,235,235.0,236.0,236
23,840516484,1292,1319,1405,1479,1512,1578,1592,1671.0,1689.0,1738.0,1778.0,1820.0,1905.0,1962,1946.0,2077,2095.0,2115.0,2179.0,2243,2286.0,2314.0,2352
24,768517084,2,3,4,4,4,5,5,5.0,5.0,5.0,5.0,5.0,5.0,5,5.0,5,5.0,5.0,5.0,5,5.0,5.0,5
25,1139843344,6,7,15,19,19,19,20,22.0,22.0,23.0,23.0,24.0,25.0,25,26.0,26,27.0,27.0,28.0,28,29.0,29.0,29
26,1004212992,986,1048,1224,1358,1401,1571,1612,1762.0,1852.0,1901.0,2041.0,2115.0,2217.0,2358,2452.0,2580,2621.0,2678.0,2792.0,2882,2923.0,2995.0,3071
27,1235426503,6,8,25,42,49,67,76,105.0,114.0,134.0,154.0,180.0,215.0,253,275.0,311,328.0,345.0,367.0,388,392.0,416.0,446
28,942808364,375,421,463,475,476,483,488,497.0,500.0,505.0,506.0,510.0,515.0,523,525.0,526,528.0,530.0,532.0,533,534.0,536.0,537
29,629131530,7455,7467,7479,7374,7351,7255,7240,7156.0,7124.0,7115.0,7015.0,6992.0,6926.0,6644,6528.0,6476,6327.0,6285.0,6142.0,6049,5912.0,5862.0,5753
30,851945460,1168,1271,1301,1330,1344,1383,1395,1456.0,1468.0,1497.0,1506.0,1533.0,1561.0,1590,1553.0,1637,,,,1705,,,1798
31,1150275464,84,130,176,205,218,272,273,279.0,280.0,284.0,304.0,334.0,365.0,417,456.0,494,,,,561,,,606
32,1026634314,804,837,897,931,937,969,974,1004.0,1008.0,1019.0,1024.0,1045.0,1051.0,1060,1086.0,1103,,,,1177,,,1258
33,978773911,911,946,1035,1085,1105,1159,1185,1244.0,1288.0,1304.0,1347.0,1370.0,1402.0,1455,1488.0,1525,,,,1642,,,1709
34,827791337,2184,2228,2309,2313,2313,2315,2315,2321.0,2330.0,2336.0,2339.0,2347.0,2358.0,2363,2366.0,2369,,,,2381,,,2388
35,640823350,1134,1482,1562,1595,1604,1645,1648,1706.0,1752.0,1785.0,1796.0,1811.0,1841.0,1602,1622.0,1637,,,,1657,,,1649
36,801861988,1576,1680,1729,1730,1730,1743,1743,1744.0,1746.0,1749.0,1766.0,1789.0,1817.0,1882,1910.0,1949,,,,2008,,,2051
37,1060207186,19,23,45,50,53,59,62,66.0,71.0,74.0,79.0,85.0,93.0,102,102.0,102,103.0,103.0,105.0,106,106.0,106.0,106
38,1054679816,175,189,262,319,345,427,463,569.0,596.0,661.0,674.0,688.0,907.0,1114,1175.0,1267,,,,1499,,,1657
39,941190190,216,261,359,398,417,473,503,557.0,586.0,612.0,654.0,678.0,724.0,852,931.0,1052,,,,1163,,,1257
40,943844640,48,55,83,112,116,132,134,156.0,157.0,158.0,164.0,174.0,181.0,203,230.0,244,,,,304,,,348
41,661795386,2689,2747,2811,2844,2862,2900,2910,2930.0,2935.0,2947.0,2954.0,2977.0,2984.0,2886,,2890,,,,2951,,,2956
42,875312593,416,473,520,555,564,598,611,640.0,650.0,671.0,693.0,705.0,725.0,749,757.0,786,,,,836,,,868
43,971387676,624,652,716,756,771,803,820,878.0,897.0,916.0,928.0,965.0,1009.0,1046,,1129,,,,1259,,,1337
44,1021185637,124,144,185,197,200,215,226,240.0,246.0,254.0,259.0,268.0,283.0,301,307.0,315,,,,338,,,349
45,1163826114,3,5,32,48,56,79,82,112.0,117.0,122.0,131.0,138.0,144.0,160,172.0,198,,,,251,,,283
46,735635595,5376,5404,5481,5484,5505,5514,5495,5475.0,5465.0,5445.0,5428.0,5304.0,5349.0,5162,,5172,,,,5225,,,5272
47,1175184188,4,5,18,23,23,24,24,24.0,25.0,25.0,25.0,26.0,28.0,30,30.0,33,34.0,36.0,38.0,39,40.0,40.0,41
48,679415939,995,1091,1141,1165,1173,1190,1189,1210.0,1221.0,1245.0,1262.0,1276.0,1302.0,1324,,1322,,,,1313,,,1311
49,884147971,3,3,4,4,4,4,4,4.0,4.0,4.0,4.0,4.0,4.0,5,5.0,5,5.0,5.0,5.0,4,4.0,4.0,4
50,841203385,114,142,165,176,181,189,191,209.0,215.0,224.0,234.0,239.0,249.0,262,268.0,273,,,,298,,,314
51,1117997056,125,143,186,198,205,215,215,218.0,219.0,224.0,228.0,232.0,236.0,242,252.0,260,,,,267,,,282
52,1160536550,19,25,40,44,47,55,56,59.0,59.0,60.0,62.0,62.0,64.0,66,66.0,68,68.0,69.0,70.0,70,70.0,71.0,71
53,828623528,1397,1403,1412,1415,1417,1425,1433,1474.0,1492.0,1516.0,1535.0,1564.0,1581.0,1602,1623.0,1638,,,,1696,,,1741
54,763708514,611,666,719,766,792,841,858,921.0,944.0,962.0,674.0,998.0,1060.0,1114,1147.0,1195,,,,1330,,,1481
55,1153442065,84,97,146,182,195,248,263,328.0,231.0,336.0,375.0,401.0,460.0,482,483.0,484,,,,519,,,591
56,743729613,304,332,400,432,444,503,520,567.0,583.0,628.0,665.0,688.0,723.0,747,756.0,785,,,,873,,,994
57,1000493051,448,470,515,536,542,558,566,585.0,594.0,605.0,615.0,621.0,628.0,637,,638,,,,642,,,652
58,911085061,214,245,302,324,329,342,343,359.0,371.0,387.0,394.0,412.0,428.0,428,432.0,437,,,,482,,,522
59,1174854264,9,13,20,23,23,26,26,30.0,30.0,30.0,30.0,31.0,33.0,36,40.0,42,44.0,45.0,46.0,48,50.0,51.0,52
60,1053296757,1,2,2,4,4,4,4,4.0,5.0,5.0,5.0,5.0,5.0,5,5.0,5,5.0,5.0,6.0,6,6.0,6.0,6
61,1033843327,2,3,5,5,6,7,7,8.0,8.0,9.0,9.0,10.0,12.0,12,12.0,13,14.0,16.0,17.0,19,20.0,21.0,22
62,1083779666,40,41,56,57,59,62,63,68.0,70.0,72.0,74.0,75.0,77.0,76,75.0,75,75.0,75.0,75.0,75,75.0,75.0,75
63,746255172,1683,1714,1800,1846,1873,1943,1960,2025.0,2074.0,2104.0,2134.0,2156.0,2192.0,2197,2225.0,2297,,,,2403,,,2457
64,1100974555,132,149,174,206,220,244,257,293.0,309.0,337.0,354.0,385.0,405.0,437,,499,,,,582,,,631
65,1019134411,349,397,459,513,535,582,601,670.0,694.0,724.0,764.0,775.0,813.0,879,,972,,,,1090,,,1184
66,1072477320,238,243,272,308,330,373,373,375.0,376.0,379.0,384.0,405.0,443.0,474,,524,,,,586,,,639
67,638423913,24,25,25,27,27,26,26,25.0,26.0,26.0,26.0,26.0,26.0,26,26.0,26,26.0,26.0,26.0,26,27.0,28.0,29
68,936425780,248,294,331,358,363,380,388,415.0,419.0,437.0,445.0,457.0,482.0,499,514.0,536,,,,590,,,619
69,1146088956,4,5,5,6,6,7,7,8.0,8.0,8.0,8.0,8.0,8.0,9,9.0,9,9.0,9.0,9.0,9,10.0,10.0,11
70,864253055,48,50,56,63,65,71,74,83.0,85.0,90.0,95.0,99.0,104.0,111,117.0,122,,,,141,,,172
71,1210582154,146,175,273,341,355,428,443,557.0,576.0,651.0,675.0,696.0,845.0,918,,1075,,,,1272,,,1977
72,926480831,225,264,302,321,326,341,346,369.0,375.0,393.0,407.0,441.0,464.0,492,,544,,,,595,,,630
73,757260823,8,14,28,33,34,37,37,40.0,41.0,43.0,46.0,49.0,56.0,61,63.0,65,,,,74,75.0,76.0,77
74,630561922,874,894,882,867,861,857,854,826.0,820.0,816.0,811.0,795.0,787.0,742,718.0,711,,,,695,698.0,699.0,702
75,734061929,2285,2314,2365,2377,2390,2391,2385,2366.0,2355.0,2345.0,2324.0,2298.0,2285.0,2107,,1991,,,,1880,,,1793
76,842060995,7,9,19,21,22,22,23,25.0,25.0,26.0,28.0,28.0,30.0,30,30.0,30,30.0,31.0,31.0,31,31.0,32.0,33
77,1078431253,2,3,4,4,4,4,4,4.0,4.0,4.0,5.0,6.0,8.0,8,10.0,11,11.0,11.0,11.0,11,11.0,11.0,11
78,939770391,4,4,6,6,6,6,6,6.0,6.0,6.0,6.0,6.0,6.0,6,6.0,6,6.0,6.0,6.0,6,6.0,6.0,6
79,943188872,60,65,71,71,72,72,72,73.0,74.0,74.0,76.0,79.0,83.0,87,90.0,92,92.0,93.0,93.0,95,95.0,96.0,96
80,1130994272,111,118,123,127,128,132,133,137.0,138.0,139.0,141.0,142.0,144.0,146,146.0,146,,,,150,,,154
81,907117649,1102,1159,1200,1226,1243,1298,1333,1412.0,1445.0,1463.0,1482.0,1502.0,1584.0,1632,,1722,,,,1909,,,2001
82,967999477,224,238,278,305,314,338,347,393.0,402.0,422.0,442.0,485.0,506.0,547,,598,,,,666,,,713
83,944656411,138,159,199,241,256,298,315,382.0,396.0,446.0,465.0,524.0,614.0,680,,807,,,,889,,,911
84,1096779299,1,1,6,8,8,9,9,14.0,14.0,14.0,16.0,18.0,21.0,28,29.0,33,37.0,41.0,47.0,50,55.0,59.0,64
85,1036333255,104,115,139,159,166,193,201,218.0,225.0,243.0,256.0,268.0,283.0,307,,336,,,,386,,,419
86,1065316076,119,141,190,208,218,229,230,232.0,239.0,248.0,256.0,269.0,296.0,329,,367,,,,422,,,471
87,995802744,248,287,323,347,355,373,378,401.0,408.0,441.0,441.0,442.0,430.0,437,,449,,,,467,,,480
88,1018110870,195,210,240,259,268,282,292,325.0,234.0,346.0,354.0,361.0,374.0,392,402.0,420,431.0,442.0,452.0,462,477.0,495.0,516
89,850586379,124,247,271,281,283,294,299,308.0,312.0,320.0,325.0,330.0,338.0,351,362.0,370,374.0,379.0,383.0,387,392.0,395.0,397
90,1169895668,5,6,11,14,16,19,19,22.0,22.0,23.0,23.0,24.0,24.0,24,24.0,24,25.0,25.0,26.0,26,26.0,26.0,26
91,688966772,624,644,672,675,683,705,706,722.0,727.0,737.0,742.0,756.0,778.0,765,774.0,780,795.0,802.0,816.0,825,834.0,850.0,860
92,1194626925,4,6,12,15,15,15,15,16.0,17.0,18.0,19.0,21.0,22.0,23,23.0,23,23.0,23.0,23.0,23,24.0,24.0,25
93,876708804,56,66,77,88,90,102,108,119.0,125.0,134.0,138.0,140.0,143.0,149,151.0,154,156.0,158.0,162.0,167,169.0,171.0,173
94,1118628066,72,87,123,145,158,173,173,174.0,175.0,176.0,176.0,176.0,176.0,176,176.0,176,176.0,176.0,176.0,176,176.0,176.0,176
95,1027818824,1,1,2,3,3,3,3,2.0,2.0,2.0,2.0,2.0,2.0,2,2.0,2,2.0,2.0,2.0,2,2.0,2.0,2
96,891103323,8,12,14,15,15,15,16,16.0,26.0,42.0,44.0,45.0,47.0,47,48.0,50,50.0,50.0,50.0,50,50.0,51.0,51
97,1166855026,7,8,10,11,11,11,11,0.0,0.0,0.0,0.0,0.0,0.0,0,0.0,0,0.0,0.0,0.0,0,0.0,0.0,0
98,1023850025,113,123,168,191,199,238,250,302.0,332.0,365.0,374.0,395.0,452.0,465,482.0,497,508.0,516.0,525.0,538,547.0,554.0,562
99,805438829,628,638,684,718,729,754,767,808.0,813.0,829.0,842.0,860.0,881.0,903,,936,,,,974,,,985
100,836788720,9,12,17,19,19,20,20,22.0,22.0,24.0,26.0,27.0,30.0,31,31.0,31,,,,31,,,35
101,835787654,157,190,239,263,282,336,348,407.0,432.0,458.0,465.0,482.0,590.0,642,,738,,,,868,,,934
102,1148457078,156,178,182,193,196,209,217,237.0,241.0,224.0,230.0,244.0,268.0,290,,299,,,,323,,,343
103,887476609,433,495,521,551,566,602,615,649.0,656.0,675.0,691.0,712.0,735.0,760,,800,,,,871,,,905
104,535968075,1224,1232,1265,1268,1279,1306,1308,1311.0,1317.0,1323.0,1328.0,1334.0,1337.0,1328,,1328,,,,1325,,,1334
105,892801580,284,294,313,326,329,337,340,348.0,350.0,353.0,365.0,374.0,386.0,398,,411,,,,425,,,438
106,732650169,1825,1854,1864,1890,1899,1931,1937,1966.0,1994.0,2018.0,2063.0,2097.0,2140.0,2178,,2258,,,,2349,,,2388
107,680070369,402,427,455,469,475,498,501,531.0,543.0,564.0,583.0,597.0,616.0,646,,668,,,,708,,,739
108,1002440915,57,60,77,79,79,80,80,81.0,81.0,81.0,81.0,81.0,81.0,81,58.0,87,87.0,87.0,88.0,89,89.0,89.0,90
109,737538048,3334,3372,3425,3466,3482,3513,3523,3544.0,3542.0,3532.0,3524.0,3482.0,3443.0,3228,,3187,,,,3030,,,2916
110,1104450248,31,44,59,77,84,108,124,164.0,181.0,196.0,204.0,234.0,254.0,266,288.0,303,,,,353,,,388
111,797673346,1167,1192,1236,1261,1268,1291,1299,1335.0,1348.0,1371.0,1389.0,1408.0,1452.0,0,0.0,0,0.0,0.0,0.0,0,0.0,0.0,0
112,1039982741,16,20,34,47,51,61,63,72.0,77.0,81.0,82.0,0.0,0.0,0,0.0,0,0.0,0.0,0.0,0,0.0,0.0,0
113,829087315,276,302,337,357,364,381,383,414.0,428.0,437.0,445.0,465.0,472.0,485,,509,,,,554,,,597
114,1032990258,65,77,90,98,102,117,122,134.0,140.0,146.0,157.0,171.0,184.0,193,202.0,216,,,,244,,,267
115,939422280,246,283,328,353,361,392,401,452.0,485.0,521.0,543.0,589.0,654.0,695,,773,,,,941,,,1053
116,974746803,133,168,179,191,195,206,208,221.0,221.0,223.0,232.0,239.0,245.0,252,,264,,,,306,,,326
117,1018130478,245,260,285,310,318,344,351,375.0,388.0,397.0,412.0,430.0,447.0,457,,483,,,,536,,,582
118,956758119,300,322,372,387,398,414,420,450.0,458.0,465.0,473.0,488.0,515.0,534,,560,,,,637,,,675
119,903426442,751,895,521,942,946,966,982,1029.0,1039.0,1067.0,1070.0,1075.0,,1147,,1155,,,,1191,,,1230
120,861626197,990,1099,1142,1166,1172,1199,1205,1235.0,1238.0,1242.0,1254.0,1266.0,1275.0,1294,,1316,,,,1354,,,1392
121,1077015977,2,4,6,6,6,7,7,7.0,7.0,7.0,7.0,7.0,7.0,7,7.0,7,7.0,7.0,7.0,7,7.0,7.0,7
122,817870237,139,153,171,184,193,214,219,240.0,248.0,261.0,273.0,284.0,293.0,301,312.0,322,,,,354,,,375
123,1078996836,29,29,49,57,63,75,76,91.0,99.0,106.0,112.0,127.0,138.0,143,,159,,,,189,,,206
124,881530990,548,548,578,599,605,635,641,665.0,678.0,689.0,699.0,713.0,737.0,747,,763,,,,822,,,848
125,937046375,239,239,262,268,272,290,292,307.0,312.0,318.0,320.0,320.0,0.0,0,0.0,0,0.0,,0.0,0,0.0,0.0,0
126,870994067,92,100,112,127,131,142,151,169.0,185.0,191.0,198.0,207.0,222.0,232,,260,269.0,,,323,,,353
127,893330898,311,322,353,383,387,412,423,442.0,451.0,460.0,474.0,492.0,504.0,527,,574,,,,644,,,693
128,822053936,202,212,215,217,217,216,216,217.0,217.0,217.0,217.0,216.0,216.0,216,,217,,,,218,,,222
129,1059959935,2,2,3,3,3,3,3,3.0,3.0,3.0,3.0,3.0,3.0,3,3.0,3,3.0,3.0,4.0,5,5.0,5.0,5
130,1197204708,189,212,251,256,258,260,262,264.0,265.0,266.0,268.0,269.0,271.0,271,,272,,,,274,,,277
131,713439584,456,481,506,515,525,549,556,578.0,581.0,590.0,603.0,616.0,627.0,622,,618,,,,641,,,676
132,732736124,83,103,113,130,141,169,174,194.0,202.0,214.0,228.0,244.0,257.0,279,,322,,,,367,,,395
133,709353440,205,226,262,280,285,307,316,339.0,345.0,356.0,365.0,375.0,399.0,404,,422,,,,450,,,475
134,1031230798,88,107,129,139,143,152,153,165.0,170.0,174.0,178.0,184.0,190.0,197,,205,,,,229,,,243
135,1225512606,2,3,9,11,12,12,13,13.0,13.0,13.0,13.0,13.0,13.0,13,13.0,13,13.0,13.0,13.0,13,13.0,13.0,13
136,1158347154,10,13,24,31,35,51,53,64.0,74.0,82.0,89.0,102.0,122.0,135,,158,,,,200,,,217
137,976975672,78,81,97,101,105,117,117,132.0,136.0,141.0,147.0,152.0,158.0,158,,159,,,,165,,,182
138,520233308,524,550,594,603,608,615,616,635.0,641.0,647.0,654.0,663.0,671.0,681,,736,,,,785,,,818
139,935827969,60,77,87,90,92,103,104,113.0,118.0,122.0,124.0,126.0,129.0,136,,144,,,,159,,,168
140,1130624045,5,7,16,19,19,27,31,43.0,45.0,49.0,57.0,64.0,87.0,92,,121,,,,174,185.0,204.0,222
141,547555172,1324,1345,1368,1322,1324,1311,1292,1271.0,1274.0,1280.0,1274.0,1269.0,1266.0,1231,,1239,,,,1196,,,1186
142,1083323104,208,235,293,322,332,383,398,460.0,480.0,511.0,522.0,531.0,640.0,679,,784,,,,978,,,1074
143,955188745,205,267,290,305,312,319,319,325.0,328.0,336.0,345.0,349.0,359.0,364,,397,,,,449,,,492
144,1140306858,18,23,54,79,87,108,112,134.0,142.0,154.0,162.0,182.0,192.0,208,,245,,,,303,,,336
145,895807023,286,307,368,399,405,429,437,451.0,452.0,456.0,461.0,467.0,474.0,477,,479,,,,496,,,507
146,818505402,16,28,32,34,35,36,37,41.0,42.0,44.0,46.0,47.0,50.0,53,53.0,54,55.0,56.0,56.0,58,60.0,62.0,64
147,897981100,37,48,60,69,75,87,94,111.0,118.0,127.0,135.0,148.0,167.0,178,,188,,,,217,,,227
148,973481686,515,540,548,548,549,549,549,549.0,549.0,549.0,549.0,550.0,550.0,550,,551,,,,555,,,555
149,1021375534,363,370,396,411,416,427,434,455.0,455.0,455.0,457.0,461.0,463.0,468,,489,,,,507,,,528
150,549437715,1853,1908,1901,1891,1889,1892,1886,1886.0,1886.0,1886.0,1888.0,1890.0,1896.0,1908,,1936,,,,1950,,,1954
151,1097548715,8,12,15,15,16,16,16,17.0,18.0,19.0,20.0,22.0,23.0,26,27.0,28,29.0,30.0,30.0,32,32.0,32.0,32
152,578702321,47,55,59,59,60,61,61,61.0,61.0,61.0,61.0,61.0,60.0,60,,60,,,,58,,,49
153,1155548915,3,4,6,6,6,7,7,7.0,7.0,7.0,7.0,7.0,7.0,7,7.0,7,7.0,7.0,7.0,7,7.0,7.0,7
154,1199064757,1,1,2,2,2,2,2,2.0,2.0,2.0,2.0,2.0,2.0,2,2.0,2,2.0,2.0,2.0,2,2.0,2.0,2
155,1078994436,3,4,5,5,5,6,6,7.0,7.0,7.0,7.0,7.0,9.0,11,11.0,11,11.0,11.0,12.0,12,12.0,13.0,13
156,949226757,7,8,36,64,77,118,136,176.0,185.0,229.0,264.0,286.0,328.0,358,,388,,,,480,,,525
157,832191944,2,3,4,4,4,5,5,5.0,5.0,5.0,5.0,5.0,5.0,5,5.0,5,5.0,5.0,5.0,5,5.0,6.0,6
158,869572905,212,227,244,257,258,271,275,280.0,284.0,285.0,289.0,295.0,302.0,303,,316,,,,326,,,341
159,896048351,113,141,159,167,171,178,179,201.0,205.0,208.0,214.0,225.0,234.0,242,,273,,,,316,,,346
160,854444464,412,434,456,466,468,476,480,488.0,489.0,490.0,498.0,504.0,513.0,517,,525,,,,537,,,538
161,1246749980,7,8,30,48,57,109,137,226.0,243.0,362.0,412.0,523.0,664.0,736,,922,,,,1143,,,1288
162,849613634,12,17,18,18,18,18,18,18.0,18.0,18.0,18.0,18.0,18.0,19,19.0,19,19.0,19.0,20.0,20,20.0,21.0,21
163,1019768234,185,220,281,309,332,373,392,472.0,479.0,542.0,547.0,562.0,673.0,703,,753,,,,956,,,1043
164,785830491,7,8,13,14,15,16,16,18.0,18.0,18.0,18.0,19.0,20.0,21,21.0,22,23.0,23.0,24.0,24,25.0,25.0,26
165,832391864,19,26,33,36,38,41,41,42.0,42.0,43.0,44.0,46.0,48.0,50,50.0,50,50.0,51.0,51.0,52,52.0,53.0,54
166,1069595866,2,3,3,3,3,3,3,3.0,3.0,3.0,3.0,4.0,4.0,4,4.0,4,4.0,4.0,4.0,4,4.0,4.0,4
167,733715437,342,352,367,375,378,381,377,386.0,391.0,395.0,398.0,401.0,404.0,396,,398,,,,409,,,409
168,828949946,325,348,362,363,365,365,365,365.0,366.0,367.0,367.0,367.0,367.0,367,,367,,,,367,,,367
169,765264430,495,512,551,576,587,615,624,664.0,675.0,692.0,705.0,734.0,765.0,768,,746,,,,760,,,790
170,722020708,541,550,558,568,570,581,580,576.0,576.0,576.0,581.0,592.0,595.0,604,615.0,622,631.0,637.0,641.0,645,650.0,654.0,661
171,980295760,224,235,269,285,299,318,323,356.0,356.0,356.0,359.0,361.0,362.0,373,,381,,,,383,,,392
172,913978120,852,872,891,900,905,925,932,957.0,965.0,974.0,986.0,996.0,1007.0,1017,,1036,,,,1057,,,1089
173,1062354779,124,144,155,175,178,188,191,204.0,208.0,218.0,235.0,244.0,268.0,278,,301,,,,351,,,395
174,1051749304,3,6,14,17,17,21,21,21.0,21.0,21.0,22.0,22.0,24.0,25,25.0,26,26.0,27.0,27.0,27,28.0,28.0,28
175,1206128856,37,42,71,112,129,200,201,224.0,231.0,239.0,288.0,413.0,468.0,542,,740,,,,1080,,,1278
176,956453735,47,53,76,93,95,99,101,115.0,117.0,119.0,123.0,128.0,136.0,140,,140,,,,160,,,164
177,767971724,45,52,63,72,74,91,94,103.0,105.0,114.0,118.0,127.0,135.0,141,,154,,,,188,,,212
178,722565148,856,882,882,868,866,861,854,850.0,845.0,841.0,849.0,852.0,864.0,859,,882,,,,906,,,931
179,1167448608,22,26,34,37,38,42,43,46.0,48.0,50.0,52.0,56.0,58.0,59,60.0,62,64.0,65.0,67.0,68,69.0,70.0,72
180,549159213,235,243,253,259,263,267,269,281.0,281.0,282.0,287.0,291.0,294.0,297,,302,,,,293,,,300
181,940918554,40,46,61,73,76,84,87,105.0,106.0,110.0,118.0,128.0,140.0,144,,159,,,,190,,,203
182,522776523,432,466,491,510,513,527,534,559.0,574.0,581.0,589.0,594.0,608.0,593,,608,,,,619,,,616
183,658650071,817,826,820,810,808,805,792,767.0,762.0,757.0,746.0,735.0,719.0,670,,644,,,,584,,,545
184,560474456,324,338,341,334,337,334,334,343.0,348.0,358.0,362.0,375.0,383.0,381,,388,,,,410,,,419
185,1150052066,90,108,165,187,193,210,218,227.0,237.0,240.0,265.0,276.0,331.0,352,,397,,,,469,,,511
186,929797706,4,5,7,7,7,7,7,8.0,8.0,8.0,8.0,9.0,9.0,11,11.0,11,11.0,11.0,11.0,11,11.0,11.0,11
187,886351969,421,441,444,443,445,452,455,461.0,462.0,464.0,467.0,470.0,472.0,473,,473,,,,474,,,476
188,1071947910,2,3,3,3,4,4,4,4.0,4.0,4.0,4.0,4.0,4.0,5,5.0,5,6.0,7.0,7.0,8,8.0,8.0,8
189,813753347,1724,1760,1785,1802,1807,1822,1826,1842.0,1849.0,1855.0,1860.0,1877.0,1888.0,1898,,1934,,,,2046,,,2088
190,733134203,105,123,143,153,159,177,183,202.0,207.0,217.0,231.0,246.0,262.0,273,,291,,,,317,,,347
191,851256794,27,38,39,41,41,42,42,42.0,43.0,44.0,44.0,45.0,45.0,45,45.0,46,46.0,46.0,46.0,46,46.0,46.0,46
192,751049573,101,108,115,121,121,122,122,122.0,122.0,117.0,115.0,113.0,112.0,112,,114,,,,117,,,120
193,882490248,222,241,268,284,289,306,316,350.0,365.0,374.0,385.0,405.0,433.0,439,,475,,,,541,,,589
194,541172235,531,561,707,736,742,748,746,742.0,740.0,739.0,744.0,748.0,753.0,742,,749,,,,746,,,743
195,727676110,33,45,64,79,84,92,96,114.0,120.0,129.0,142.0,165.0,193.0,227,,262,,,,331,,,390
196,891631697,42,69,99,113,119,140,140,140.0,140.0,140.0,140.0,140.0,140.0,140,,140,,,,140,,,143
197,1059306768,1,1,2,2,2,2,2,2.0,2.0,2.0,2.0,3.0,3.0,3,3.0,3,3.0,3.0,3.0,3,3.0,3.0,3
198,764321904,12,18,24,28,29,32,35,37.0,39.0,42.0,48.0,54.0,63.0,65,,69,,,,95,,,116
199,902108125,142,154,165,169,169,172,172,178.0,179.0,193.0,198.0,211.0,219.0,224,,235,,,,251,,,271
200,874397327,215,223,240,251,254,264,268,283.0,288.0,296.0,299.0,304.0,316.0,319,,333,,,,339,,,345
201,861698160,85,97,113,119,120,124,124,124.0,124.0,124.0,126.0,130.0,133.0,137,,156,,,,169,,,178
202,981437831,28,38,51,55,55,61,66,74.0,76.0,79.0,85.0,96.0,114.0,119,,125,,,,155,,,175
203,1036456647,7,13,18,19,20,21,22,25.0,26.0,27.0,27.0,28.0,29.0,30,31.0,32,34.0,38.0,42.0,49,52.0,56.0,58
204,951280194,325,334,376,390,398,414,422,448.0,456.0,479.0,487.0,517.0,549.0,556,567.0,585,,,,653,,,700
205,1079373429,7,14,21,25,26,33,34,36.0,38.0,40.0,42.0,43.0,46.0,53,55.0,58,59.0,60.0,62.0,63,63.0,63.0,64
206,747381880,1002,1081,1088,1103,1105,1107,1116,1115.0,1118.0,1120.0,1122.0,1131.0,1139.0,1143,,1152,,,,1188,,,1196
207,1099363892,45,70,112,169,204,259,288,314.0,316.0,318.0,319.0,319.0,321.0,321,,325,,,,325,,,327
208,941333009,116,120,135,139,144,154,158,188.0,195.0,201.0,204.0,215.0,232.0,239,,267,,,,291,,,322
209,819651586,202,212,222,229,233,242,245,259.0,262.0,270.0,273.0,27.0,281.0,287,,310,,,,328,,,343
210,1043590098,69,72,89,108,112,121,123,144.0,149.0,156.0,164.0,173.0,180.0,184,,192,,,,197,,,190
211,1091666465,8,9,12,13,13,14,14,16.0,16.0,17.0,19.0,19.0,22.0,23,24.0,25,25.0,25.0,26.0,26,26.0,27.0,28
212,863336720,122,134,145,150,152,160,163,171.0,173.0,176.0,182.0,189.0,201.0,205,,210,,,,231,,,242
213,771972560,402,418,434,446,447,448,448,449.0,449.0,449.0,447.0,446.0,444.0,433,,437,,,,427,,,411
214,756492184,65,73,72,72,72,72,72,72.0,72.0,72.0,72.0,73.0,73.0,37,32.0,27,26.0,25.0,25.0,24,23.0,22.0,22
215,1097157656,111,122,139,146,156,167,168,168.0,168.0,168.0,169.0,171.0,173.0,176,,181,,,,188,,,190
216,573923366,321,343,348,350,350,362,359,377.0,378.0,379.0,382.0,385.0,387.0,387,,389,,,,397,,,402
217,756620535,203,225,263,280,288,300,302,334.0,345.0,361.0,374.0,392.0,450.0,461,485.0,503,526.0,545.0,576.0,590,613.0,622.0,632
218,765350508,329,378,411,436,445,470,480,500.0,502.0,518.0,532.0,545.0,569.0,579,,629,,,,682,,,713
219,968294356,652,668,699,716,721,736,737,758.0,761.0,769.0,774.0,785.0,794.0,803,,812,,,,829,,,840
220,1017678811,2,2,2,2,2,3,3,3.0,3.0,3.0,3.0,4.0,4.0,4,4.0,3,3.0,3.0,3.0,3,3.0,3.0,3
221,933231033,178,200,211,213,214,219,222,226.0,227.0,228.0,229.0,231.0,233.0,235,,238,,,,242,,,244
222,1199765487,1,1,1,1,1,1,1,1.0,1.0,1.0,1.0,1.0,1.0,1,1.0,1,1.0,1.0,1.0,1,1.0,1.0,1
223,965817793,256,264,278,296,300,317,323,354.0,354.0,376.0,393.0,417.0,437.0,451,,486,,,,551,,,592
224,1074432879,32,39,43,44,45,48,48,52.0,54.0,55.0,58.0,58.0,59.0,59,60.0,60,,,,61,,,62
225,1132858821,1,1,2,2,2,2,2,2.0,2.0,2.0,3.0,3.0,3.0,3,3.0,3,3.0,3.0,3.0,3,3.0,3.0,3
226,905732124,65,79,90,98,100,109,112,126.0,128.0,140.0,158.0,165.0,179.0,191,,209,,,,255,,,285
227,711045472,202,221,220,216,214,220,219,218.0,218.0,210.0,208.0,207.0,205.0,193,,191,,,,203,,,195
228,923983419,22,29,30,31,31,31,31,31.0,31.0,31.0,31.0,31.0,31.0,31,31.0,32,33.0,33.0,34.0,34,34.0,34.0,34
229,733025646,897,897,890,868,869,851,845,836.0,822.0,819.0,796.0,781.0,762.0,685,,671,,,,601,,,571
230,720099861,842,850,858,854,859,866,865,865.0,868.0,877.0,878.0,880.0,881.0,875,,871,,,,872,,,872
231,923915314,285,291,315,331,334,351,356,387.0,394.0,406.0,415.0,423.0,432.0,442,,466,,,,507,,,544
232,1077555214,36,43,54,62,62,71,77,85.0,94.0,106.0,138.0,146.0,185.0,228,,283,,,,380,,,464
233,1216538883,124,130,186,237,258,348,372,482.0,499.0,595.0,634.0,725.0,834.0,861,,934,,,,1081,,,1193
234,531254082,203,309,341,348,351,355,355,362.0,365.0,369.0,372.0,378.0,384.0,387,,389,,,,403,,,416
235,890279029,95,108,126,138,144,170,177,209.0,215.0,228.0,242.0,257.0,279.0,292,,312,,,,341,,,345
236,995964089,7,11,15,17,18,19,19,22.0,24.0,26.0,27.0,29.0,32.0,33,33.0,34,34.0,34.0,34.0,34,35.0,36.0,37
237,868453353,15,24,27,29,30,30,32,35.0,36.0,37.0,37.0,37.0,38.0,39,40.0,40,41.0,42.0,42.0,43,44.0,44.0,44
238,1024954013,247,257,278,285,289,298,298,298.0,298.0,299.0,301.0,302.0,305.0,308,,311,,,,317,,,330
239,685606338,185,191,199,201,203,209,211,219.0,222.0,225.0,229.0,235.0,241.0,245,,258,,,,275,,,282
240,877962269,26,30,38,45,48,57,61,72.0,78.0,81.0,92.0,102.0,120.0,135,,155,,,,194,,,214
241,995644296,227,230,271,283,285,293,296,320.0,334.0,355.0,376.0,409.0,429.0,453,,483,,,,574,,,627
242,1066273951,26,36,46,50,53,55,56,60.0,62.0,64.0,67.0,71.0,77.0,78,78.0,79,80.0,82.0,83.0,84,86.0,88.0,90
243,822176645,188,205,218,233,234,239,250,270.0,265.0,285.0,299.0,310.0,325.0,336,,352,,,,393,,,432
244,659466129,1,1,1,1,1,1,1,2.0,2.0,2.0,2.0,3.0,3.0,3,3.0,3,3.0,3.0,4.0,4,4.0,5.0,5
245,694493217,234,238,254,264,267,283,283,288.0,288.0,288.0,291.0,998.0,301.0,311,,322,,,,338,,,354
246,793162246,1390,1401,1428,1435,1438,1457,1462,1472.0,1471.0,1473.0,1474.0,1475.0,1478.0,1483,,1485,,,,1263,,,1132
247,817945281,42,57,76,94,100,108,111,118.0,119.0,126.0,130.0,134.0,140.0,146,,153,,,,157,,,170
248,920902282,137,163,174,176,176,178,180,188.0,192.0,203.0,222.0,242.0,253.0,261,,288,,,,339,,,366
249,727820291,302,315,327,336,339,350,355,357.0,357.0,357.0,364.0,366.0,370.0,374,,381,,,,380,,,373
250,699738864,207,236,255,267,268,286,286,283.0,283.0,283.0,290.0,305.0,312.0,321,,338,,,,355,,,381
251,1197211965,6,8,8,8,8,8,8,8.0,8.0,8.0,9.0,9.0,9.0,9,9.0,9,9.0,9.0,9.0,9,9.0,9.0,9
252,682561447,60,63,65,66,66,68,69,70.0,72.0,75.0,76.0,77.0,78.0,78,,80,,,,84,,,89
253,999081623,352,360,372,73,74,86,89,98.0,100.0,102.0,103.0,105.0,106.0,106,,106,,,,108,,,111
254,1108613896,1,1,1,1,1,1,1,1.0,1.0,1.0,1.0,1.0,1.0,1,1.0,1,1.0,1.0,1.0,1,1.0,1.0,1
255,1054555186,1,1,2,3,3,3,3,3.0,4.0,5.0,5.0,5.0,5.0,5,5.0,5,5.0,5.0,6.0,6,6.0,6.0,6
256,915238287,0,0,0,117,120,129,132,146.0,151.0,161.0,168.0,188.0,203.0,210,,237,,,,271,,,296
257,1107279894,0,0,0,1,2,2,3,3.0,3.0,3.0,3.0,3.0,3.0,3,3.0,3,3.0,3.0,3.0,3,3.0,3.0,3
258,1163040038,0,0,0,2,2,3,3,3.0,3.0,3.0,3.0,3.0,3.0,3,3.0,3,3.0,3.0,3.0,3,3.0,4.0,4
259,1091877430,0,0,0,1,1,1,1,1.0,1.0,1.0,1.0,1.0,1.0,2,2.0,2,2.0,2.0,2.0,2,2.0,2.0,2
260,1053467336,0,0,0,59,61,61,61,61.0,61.0,61.0,61.0,61.0,61.0,61,61.0,62,62.0,62.0,70.0,70,72.0,75.0,79
261,609889168,0,0,0,181,182,185,187,189.0,190.0,192.0,192.0,193.0,196.0,200,,207,,,,214,,,220
262,662727740,0,0,0,262,265,267,269,273.0,273.0,273.0,274.0,275.0,277.0,279,,284,,,,303,,,318
263,1090993173,0,0,0,62,64,77,81,,,,,,673.0,703,,753,,,,956,,,1043
264,963684109,0,0,0,49,50,50,52,56.0,56.0,58.0,60.0,62.0,66.0,67,68.0,69,70.0,72.0,75.0,76,78.0,80.0,82
265,619817668,0,0,0,215,214,212,214,210.0,211.0,212.0,210.0,209.0,209.0,211,209.0,206,204.0,202.0,201.0,200,198.0,197.0,196
266,1066740059,0,0,0,51,52,58,60,67.0,68.0,75.0,84.0,92.0,103.0,111,,119,,,,175,,,196
267,732184480,0,0,0,51,52,53,52,54.0,55.0,56.0,56.0,56.0,57.0,55,55.0,55,55.0,55.0,55.0,55,55.0,55.0,55
268,1044683061,0,0,0,21,21,24,25,28.0,28.0,29.0,30.0,31.0,31.0,31,32.0,33,33.0,34.0,34.0,35,36.0,38.0,39
269,579010251,0,0,0,52,53,53,53,57.0,58.0,59.0,61.0,64.0,67.0,66,66.0,66,67.0,70.0,75.0,81,83.0,85.0,87
270,751364623,0,0,0,109,109,110,110,114.0,114.0,115.0,118.0,121.0,123.0,123,,125,,,,127,,,127
271,898316819,0,0,0,57,58,59,61,66.0,70.0,73.0,76.0,79.0,83.0,86,85.0,88,90.0,91.0,93.0,94,96.0,99.0,103
272,622667306,0,0,0,70,71,70,70,73.0,74.0,75.0,78.0,79.0,81.0,85,85.0,85,85.0,86.0,87.0,88,89.0,93.0,95
273,809344968,0,0,0,362,366,381,383,396.0,402.0,412.0,419.0,445.0,453.0,459,,480,,,,532,,,570
274,754138176,0,0,0,222,222,227,228,232.0,232.0,232.0,233.0,234.0,235.0,232,,228,,,,219,,,217
275,674192921,0,0,0,226,226,220,221,215.0,215.0,215.0,216.0,218.0,220.0,215,,215,,,,220,,,227
276,726446177,0,0,0,141,141,142,142,145.0,145.0,146.0,147.0,149.0,150.0,151,,156,,,,163,,,164
277,1193747589,0,0,0,2,2,2,2,2.0,2.0,2.0,2.0,2.0,2.0,2,2.0,2,2.0,2.0,2.0,2,2.0,2.0,2
278,676827184,0,0,0,81,81,81,81,89.0,87.0,87.0,89.0,91.0,94.0,95,97.0,98,100.0,102.0,103.0,106,108.0,109.0,112
279,619996560,0,0,0,228,228,225,224,222.0,223.0,224.0,228.0,231.0,234.0,231,,235,,,,244,,,247
280,618420156,0,0,0,94,94,95,95,96.0,96.0,97.0,97.0,97.0,97.0,96,96.0,97,97.0,97.0,97.0,97,97.0,98.0,98
281,689486739,0,0,0,27,27,26,25,26.0,26.0,26.0,26.0,25.0,25.0,24,25.0,26,26.0,26.0,26.0,26,25.0,24.0,24
282,751364614,0,0,0,71,74,78,81,87.0,88.0,93.0,96.0,105.0,112.0,113,116.0,119,121.0,124.0,127.0,133,137.0,142.0,147
283,825341937,0,0,0,99,100,100,100,100.0,100.0,100.0,100.0,101.0,101.0,103,104.0,106,107.0,108.0,110.0,111,112.0,113.0,113
284,736813752,0,0,0,42,42,42,42,42.0,42.0,42.0,41.0,41.0,40.0,39,39.0,39,39.0,39.0,39.0,39,39.0,38.0,38
285,636178374,0,0,0,149,150,149,147,144.0,142.0,141.0,140.0,139.0,138.0,131,,125,,,,119,,,115
286,743485617,0,0,0,135,136,139,141,146.0,148.0,153.0,154.0,156.0,158.0,155,,158,,,,159,,,164
287,933951149,0,0,0,115,116,117,118,129.0,129.0,133.0,134.0,135.0,135.0,136,,136,,,,137,,,140
288,684561284,0,0,0,65,66,67,68,69.0,69.0,69.0,69.0,69.0,69.0,68,70.0,72,72.0,73.0,73.0,73,74.0,75.0,76
289,616295248,0,0,0,173,173,174,174,176.0,176.0,178.0,179.0,180.0,182.0,183,,186,,,,188,,,187
290,736076633,0,0,0,98,98,100,101,101.0,101.0,101.0,101.0,101.0,101.0,102,102.0,103,104.0,105.0,106.0,107,107.0,107.0,110
291,1108073621,0,0,0,3,3,4,4,5.0,5.0,5.0,6.0,6.0,6.0,6,6.0,6,6.0,6.0,7.0,7,7.0,7.0,7
292,1053002876,0,0,0,24,24,26,26,26.0,26.0,27.0,27.0,27.0,27.0,27,27.0,27,27.0,27.0,28.0,28,29.0,30.0,31
293,444282011,0,0,0,76,76,78,80,82.0,81.0,81.0,82.0,82.0,84.0,82,86.0,88,90.0,91.0,96.0,96,98.0,101.0,102
294,949336768,0,0,0,29,29,29,29,30.0,30.0,30.0,30.0,30.0,30.0,30,30.0,31,31.0,32.0,32.0,32,32.0,32.0,32
295,961972778,0,0,0,1,1,1,2,3.0,3.0,3.0,3.0,4.0,4.0,4,4.0,4,4.0,4.0,4.0,4,4.0,4.0,4
296,893088817,0,0,0,26,27,27,27,29.0,29.0,29.0,30.0,32.0,34.0,34,35.0,37,37.0,38.0,40.0,41,41.0,42.0,42
297,952724683,0,0,0,4,4,4,4,5.0,5.0,5.0,5.0,5.0,5.0,6,6.0,6,6.0,6.0,6.0,6,6.0,7.0,7
298,855037000,0,0,0,24,24,27,29,30.0,31.0,32.0,34.0,36.0,40.0,42,42.0,42,44.0,46.0,47.0,51,53.0,55.0,58
299,660016574,0,0,0,81,82,83,84,85.0,86.0,88.0,89.0,91.0,94.0,94,,103,,,,110,,,117
300,738079582,0,0,0,151,154,158,161,160.0,160.0,161.0,164.0,168.0,171.0,174,,177,,,,193,,,203
301,861001391,0,0,0,82,83,85,85,91.0,93.0,95.0,98.0,101.0,103.0,104,,106,,,,107,,,111
302,1099696103,0,0,0,66,69,69,69,73.0,73.0,73.0,73.0,73.0,73.0,73,74.0,75,77.0,77.0,79.0,81,84.0,86.0,89
303,1044288976,0,0,0,16,18,18,19,21.0,22.0,24.0,24.0,25.0,26.0,28,29.0,30,31.0,32.0,34.0,35,36.0,36.0,37
304,890848361,0,0,0,43,45,52,60,62.0,63.0,68.0,69.0,81.0,82.0,87,91.0,98,101.0,107.0,111.0,116,121.0,125.0,128
305,929503394,0,0,0,239,244,260,266,289.0,292.0,302.0,307.0,317.0,327.0,374,,492,,,,555,,,583
306,1015249105,0,0,0,213,222,239,250,289.0,300.0,327.0,362.0,385.0,412.0,447,,501,,,,599,,,659
307,707537639,0,0,0,1283,1285,1278,1271,1271.0,1265.0,1258.0,1251.0,1246.0,1238.0,1082,,927,,,,829,,,741
308,702984554,0,0,0,109,113,117,118,123.0,126.0,129.0,130.0,131.0,133.0,130,,133,,,,148,,,155
309,896048351,0,0,0,165,171,178,179,201.0,205.0,208.0,224.0,228.0,234.0,242,,273,,,,316,,,346
310,1023830972,0,0,0,26,28,34,39,45.0,46.0,46.0,49.0,52.0,62.0,62,63.0,65,67.0,68.0,70.0,72,72.0,73.0,74
311,959052557,0,0,0,282,284,289,290,296.0,299.0,301.0,302.0,303.0,306.0,308,,310,,,,316,,,321
312,1246945687,0,0,0,26,32,38,40,43.0,46.0,50.0,51.0,53.0,54.0,54,55.0,57,58.0,59.0,61.0,62,63.0,65.0,67
313,510519284,0,0,0,190,192,195,197,204.0,205.0,209.0,211.0,216.0,218.0,216,,218,,,,213,,,204
314,1079958917,0,0,0,113,120,138,144,158.0,166.0,172.0,182.0,193.0,210.0,221,,254,,,,301,,,343
315,1024325244,0,0,0,22,22,23,23,25.0,25.0,25.0,25.0,26.0,27.0,27,27.0,28,28.0,29.0,31.0,31,31.0,32.0,32
316,841203385,0,0,0,169,181,189,191,209.0,210.0,224.0,236.0,245.0,253.0,262,,270,,,,298,,,314
317,1104504876,0,0,0,13,23,29,32,42.0,43.0,44.0,46.0,49.0,53.0,55,55.0,56,59.0,60.0,64.0,66,69.0,70.0,72
318,1010356223,0,0,0,48,49,51,52,53.0,53.0,53.0,53.0,53.0,53.0,53,53.0,53,54.0,55.0,56.0,57,57.0,57.0,57
319,1031230798,0,0,0,134,143,152,153,165.0,168.0,174.0,175.0,186.0,190.0,197,,205,,,,229,,,243
320,908989488,0,0,0,2,2,4,5,4.0,4.0,4.0,4.0,4.0,2.0,1,1.0,1,1.0,1.0,1.0,1,1.0,1.0,1
321,822081627,0,0,0,746,751,770,778,786.0,788.0,791.0,798.0,809.0,817.0,823,,833,,,,847,,,844
322,1116072373,0,0,0,50,52,53,55,59.0,60.0,62.0,63.0,63.0,65.0,66,67.0,69,69.0,70.0,70.0,71,72.0,73.0,75
323,856139963,0,0,0,50,57,65,67,75.0,79.0,85.0,88.0,95.0,102.0,106,,113,,,,135,,,144
324,1032982013,0,0,0,33,39,48,53,58.0,67.0,72.0,78.0,108.0,127.0,136,,156,,,,219,,,258
325,879756967,0,0,0,748,778,806,816,823.0,827.0,830.0,830.0,842.0,852.0,856,,875,,,,899,,,916
326,912614690,0,0,0,19,21,24,25,25.0,26.0,28.0,30.0,33.0,35.0,34,35.0,37,38.0,39.0,40.0,41,44.0,47.0,51
327,1072784739,0,0,0,134,140,149,149,148.0,149.0,150.0,159.0,165.0,179.0,188,,204,,,,233,,,274
328,945651303,0,0,0,19,27,31,33,42.0,47.0,49.0,51.0,56.0,66.0,71,77.0,84,89.0,92.0,97.0,102,107.0,113.0,118
329,858212832,0,0,0,546,559,576,582,606.0,624.0,631.0,636.0,648.0,675.0,687,,711,,,,767,,,797
330,1219677488,0,0,0,67,76,89,94,117.0,119.0,125.0,135.0,146.0,154.0,160,,167,,,,224,,,263
331,886501087,0,0,0,7,8,7,7,9.0,9.0,9.0,9.0,8.0,8.0,8,8.0,8,8.0,8.0,8.0,8,8.0,8.0,8
332,944264938,0,0,0,98,103,107,108,112.0,113.0,115.0,118.0,121.0,126.0,128,,128,,,,132,,,135
333,918722829,0,0,0,81,82,102,106,119.0,124.0,134.0,139.0,147.0,158.0,162,,167,,,,175,,,182
334,750670078,0,0,0,805,812,820,815,822.0,822.0,814.0,818.0,820.0,823.0,810,,804,,,,794,,,780
335,1028061165,0,0,0,70,71,76,80,83.0,85.0,87.0,93.0,97.0,102.0,106,,113,,,,121,,,121
336,699738864,0,0,0,262,268,286,286,283.0,283.0,283.0,288.0,300.0,312.0,321,,338,,,,355,,,381
337,905732124,0,0,0,96,100,109,112,126.0,133.0,140.0,146.0,163.0,179.0,191,,209,,,,255,,,285
338,961230947,0,0,0,56,57,63,65,70.0,70.0,70.0,72.0,73.0,75.0,77,78.0,79,80.0,81.0,82.0,83,85.0,86.0,88
339,849947393,0,0,0,213,221,232,236,253.0,258.0,261.0,270.0,282.0,291.0,299,,308,,,,330,,,338
340,857432541,0,0,0,57,61,67,68,74.0,78.0,80.0,82.0,84.0,85.0,93,96.0,99,102.0,104.0,106.0,108,109.0,114.0,118
341,1088674674,0,0,0,47,53,61,61,66.0,66.0,66.0,70.0,75.0,86.0,94,,103,,,,116,,,134
342,939250541,0,0,0,55,67,77,81,100.0,105.0,116.0,125.0,137.0,160.0,168,,186,,,,227,,,262
343,876708804,0,0,0,85,90,102,108,119.0,1224.0,134.0,138.0,141.0,145.0,149,,153,,,,167,,,173
344,1032990258,0,0,0,96,102,117,122,134.0,138.0,146.0,153.0,172.0,184.0,193,,216,,,,244,,,267
345,880692544,0,0,0,44,49,53,53,55.0,56.0,57.0,60.0,61.0,63.0,66,69.0,71,72.0,75.0,76.0,78,79.0,80.0,82
346,958270190,0,0,0,23,27,32,36,50.0,55.0,62.0,65.0,70.0,77.0,80,,88,,,,108,,,120
347,732757918,0,0,0,1088,1099,1102,1102,1111.0,1124.0,1132.0,1134.0,1138.0,1141.0,1099,,1071,,,,1064,,,1079
348,898646576,0,0,0,234,240,248,254,269.0,273.0,285.0,291.0,300.0,311.0,320,,330,,,,351,,,363
349,950048509,0,0,0,28,30,32,34,35.0,36.0,37.0,39.0,41.0,44.0,44,48.0,51,53.0,54.0,57.0,62,66.0,68.0,73
350,754316257,0,0,0,132,141,152,162,188.0,197.0,224.0,234.0,248.0,282.0,291,,317,,,,325,,,338
351,598523814,0,0,0,547,546,551,550,562.0,562.0,559.0,552.0,550.0,548.0,533,,549,,,,561,,,560
352,774130360,0,0,0,1,2,2,2,2.0,2.0,2.0,2.0,2.0,2.0,2,2.0,2,2.0,2.0,2.0,2,3.0,3.0,3
353,555727400,0,0,0,580,583,584,588,583.0,588.0,591.0,596.0,599.0,604.0,601,,616,,,,617,,,609
354,537463111,0,0,0,321,321,323,322,324.0,325.0,326.0,324.0,323.0,322.0,320,,326,,,,330,,,326
355,933864550,0,0,0,150,152,163,164,170.0,171.0,172.0,175.0,180.0,186.0,189,,194,,,,201,,,212
356,944930838,0,0,0,183,188,193,194,199.0,201.0,203.0,207.0,211.0,213.0,213,,215,,,,217,,,217
357,901346821,0,0,0,32,32,35,36,41.0,41.0,41.0,42.0,45.0,47.0,52,54.0,56,58.0,61.0,63.0,66,69.0,71.0,73
358,818295153,0,0,0,42,44,50,53,60.0,62.0,65.0,69.0,71.0,78.0,80,82.0,84,85.0,85.0,86.0,87,89.0,92.0,94
359,733134203,0,0,0,152,159,177,183,202.0,209.0,217.0,227.0,245.0,262.0,273,,291,,,,317,,,347
360,943414146,0,0,0,738,747,770,771,794.0,707.0,829.0,835.0,856.0,893.0,907,,946,,,,962,,,986
361,709353440,0,0,0,270,285,307,316,339.0,344.0,356.0,367.0,382.0,399.0,404,,422,,,,450,,,471
362,1190383536,0,0,0,35,53,77,83,114.0,125.0,141.0,163.0,188.0,215.0,236,,274,,,,359,,,429
363,869138763,0,0,0,30,32,36,37,39.0,40.0,41.0,43.0,47.0,50.0,53,58.0,61,64.0,65.0,68.0,70,72.0,74.0,75
364,977173764,0,0,0,55,62,68,72,84.0,86.0,90.0,96.0,100.0,107.0,117,,126,,,,144,,,153
365,918331326,0,0,0,89,94,102,104,119.0,119.0,119.0,125.0,128.0,130.0,135,,150,,,,176,,,195
366,733715437,0,0,0,373,378,381,377,386.0,388.0,395.0,399.0,401.0,404.0,396,,398,,,,409,,,409
367,955679920,0,0,0,79,90,100,105,121.0,125.0,137.0,143.0,155.0,171.0,180,,197,,,,247,,,275
368,862814652,0,0,0,138,140,142,143,147.0,148.0,148.0,151.0,153.0,155.0,158,,162,,,,176,,,178
369,799301728,0,0,0,69,72,80,80,93.0,95.0,97.0,102.0,108.0,113.0,117,,129,,,,141,,,148
370,1039384371,0,0,0,50,53,61,62,67.0,68.0,70.0,73.0,76.0,80.0,83,88.0,90,93.0,96.0,99.0,102,104.0,106.0,107
371,746518490,0,0,0,66,78,109,125,191.0,195.0,281.0,312.0,344.0,496.0,524,,605,,,,732,,,797
372,720665176,0,0,0,5,5,5,5,6.0,6.0,6.0,6.0,7.0,7.0,6,6.0,6,6.0,7.0,8.0,9,9.0,10.0,10
373,1001750851,0,0,0,14,15,16,17,17.0,17.0,17.0,18.0,21.0,23.0,23,23.0,23,23.0,23.0,24.0,24,24.0,24.0,24
374,882975367,0,0,0,158,170,182,184,195.0,199.0,208.0,223.0,227.0,230.0,236,,264,,,,302,,,388
375,1069577979,0,0,0,31,33,38,39,44.0,48.0,53.0,59.0,65.0,70.0,71,75.0,78,79.0,81.0,83.0,85,86.0,87.0,88
376,1079373429,0,0,0,24,26,33,34,36.0,37.0,40.0,42.0,44.0,46.0,53,56.0,58,60.0,61.0,62.0,63,63.0,64.0,64
377,711704151,0,0,0,662,664,666,665,669.0,670.0,670.0,672.0,673.0,674.0,673,,685,,,,700,,,700
378,876761815,0,0,0,60,65,75,78,81.0,85.0,88.0,92.0,95.0,101.0,104,,114,,,,131,,,141
379,1062354779,0,0,0,168,178,188,191,204.0,208.0,218.0,241.0,252.0,268.0,278,,301,,,,351,,,395
380,727676110,0,0,0,75,84,92,96,114.0,121.0,129.0,146.0,162.0,193.0,227,,262,,,,331,,,390
381,845853510,0,0,0,164,170,185,189,205.0,213.0,244.0,251.0,259.0,263.0,273,,311,,,,392,,,451
382,832090686,0,0,0,399,406,410,410,420.0,420.0,423.0,425.0,428.0,430.0,431,,437,,,,448,,,453
383,839305476,0,0,0,124,134,146,152,171.0,178.0,195.0,211.0,230.0,238.0,247,,281,,,,343,,,367
384,855418066,0,0,0,108,110,119,120,133.0,137.0,142.0,145.0,150.0,155.0,162,,173,,,,187,,,191
385,1211480431,0,0,0,11,21,39,46,84.0,93.0,122.0,164.0,204.0,246.0,283,,356,,,,472,,,578
386,946741571,0,0,0,342,360,372,374,385.0,394.0,401.0,412.0,432.0,442.0,458,,477,,,,520,,,541
387,724177834,0,0,0,688,692,696,694,678.0,676.0,677.0,666.0,652.0,646.0,613,,618,,,,597,,,609
388,975877364,0,0,0,2,3,3,3,3.0,3.0,3.0,3.0,3.0,4.0,5,5.0,5,5.0,5.0,5.0,5,5.0,5.0,5
389,851697194,0,0,0,233,236,238,238,243.0,243.0,244.0,246.0,248.0,249.0,250,,252,,,,265,,,278
390,1108356000,0,0,0,8,8,9,11,11.0,11.0,11.0,11.0,11.0,11.0,11,12.0,14,15.0,16.0,16.0,17,17.0,17.0,17
391,871219565,0,0,0,92,92,94,95,97.0,97.0,98.0,99.0,101.0,102.0,109,111.0,113,,,,125,,,134
392,1250787559,0,0,0,2,2,2,2,2.0,2.0,2.0,2.0,2.0,2.0,2,2.0,2,2.0,2.0,2.0,2,2.0,2.0,2
393,942245416,0,0,0,12,12,13,13,14.0,14.0,14.0,14.0,15.0,15.0,17,17.0,17,17.0,18.0,18.0,18,18.0,18.0,18
394,900108476,0,0,0,28,30,38,42,55.0,58.0,61.0,63.0,66.0,74.0,76,79.0,82,84.0,85.0,87.0,91,93.0,94.0,95
395,1019672746,0,0,0,361,370,378,380,384.0,386.0,396.0,399.0,402.0,409.0,411,,418,,,,435,,,443
396,783980024,0,0,0,274,279,288,290,302.0,303.0,306.0,313.0,318.0,325.0,330,,340,,,,358,,,368
397,970655043,0,0,0,62,70,82,87,98.0,104.0,119.0,128.0,145.0,164.0,193,,214,,,,278,,,322
398,1139064593,0,0,0,1,1,1,1,1.0,1.0,1.0,1.0,1.0,1.0,1,1.0,1,1.0,1.0,1.0,1,1.0,1.0,1
399,939389270,0,0,0,196,200,206,207,213.0,215.0,215.0,218.0,220.0,222.0,222,,225,,,,230,,,234
400,859321875,0,0,0,107,116,124,129,155.0,159.0,172.0,179.0,186.0,201.0,205,,217,,,,220,,,229
401,703395323,0,0,0,1,1,1,1,1.0,1.0,1.0,1.0,1.0,1.0,1,1.0,1,1.0,1.0,1.0,1,1.0,1.0,1
402,1083779666,0,0,0,56,59,62,63,68.0,70.0,72.0,74.0,76.0,77.0,76,75.0,75,,,,75,,,75
403,966030991,0,0,0,10,10,13,13,15.0,16.0,17.0,17.0,18.0,19.0,20,20.0,21,,,,22,,,22
404,866405822,0,0,0,68,69,70,72,73.0,76.0,78.0,79.0,80.0,80.0,80,82.0,84,,,,85,,,87
405,941564304,0,0,0,164,167,178,182,191.0,195.0,201.0,208.0,216.0,226.0,230,,239,,,,262,,,291
406,1119360745,0,0,0,4,5,5,5,5.0,5.0,5.0,5.0,5.0,5.0,5,5.0,5,5.0,5.0,5.0,5,5.0,5.0,5
407,932375745,0,0,0,201,208,220,222,234.0,238.0,243.0,248.0,255.0,266.0,277,,288,,,,294,,,312
408,789373177,0,0,0,160,166,172,172,178.0,179.0,181.0,182.0,183.0,185.0,186,,188,,,,185,,,178
409,1135456589,0,0,0,14,18,22,22,27.0,28.0,32.0,33.0,36.0,39.0,41,43.0,46,48.0,49.0,51.0,55,57.0,60.0,63
410,932913675,0,0,0,8,12,13,15,16.0,16.0,16.0,17.0,18.0,19.0,21,21.0,22,23.0,24.0,24.0,25,26.0,26.0,27
411,1217548862,0,0,0,15,17,20,22,33.0,38.0,48.0,52.0,64.0,89.0,93,,100,,,,121,,,131
412,755078866,0,0,0,121,125,126,127,131.0,132.0,134.0,134.0,135.0,135.0,137,,139,,,,142,,,140
413,1052420390,0,0,0,17,17,18,18,18.0,19.0,21.0,23.0,25.0,28.0,29,29.0,30,30.0,30.0,30.0,30,30.0,30.0,30
414,924108301,0,0,0,99,104,112,113,119.0,122.0,125.0,128.0,132.0,136.0,139,,140,,,,146,,,147
415,675980168,0,0,0,363,361,361,362,361.0,362.0,365.0,365.0,366.0,368.0,370,,371,,,,367,,,358
416,730603782,0,0,0,327,324,326,323,321.0,320.0,317.0,315.0,314.0,310.0,288,,279,,,,273,,,271
417,934830377,0,0,0,114,118,131,134,148.0,158.0,170.0,176.0,188.0,201.0,215,,235,,,,268,,,278
418,689406468,0,0,0,39,39,40,41,43.0,43.0,43.0,43.0,43.0,43.0,44,44.0,44,44.0,46.0,47.0,48,48.0,48.0,48
419,870994067,0,0,0,122,131,142,151,169.0,172.0,191.0,198.0,205.0,222.0,232,,260,,,,323,,,353
420,1016250560,0,0,0,147,165,183,195,250.0,259.0,292.0,299.0,412.0,428.0,481,,578,,,,865,,,1067
421,860334943,0,0,0,175,182,198,200,209.0,211.0,216.0,222.0,234.0,245.0,252,,274,,,,309,,,327
422,863336720,0,0,0,148,152,160,163,171.0,174.0,176.0,185.0,193.0,201.0,205,,210,,,,231,,,242
423,835915937,0,0,0,70,77,85,89,103.0,105.0,110.0,115.0,119.0,125.0,125,,126,,,,136,,,144
424,944641715,0,0,0,59,67,76,79,92.0,95.0,108.0,118.0,132.0,157.0,161,,187,,,,211,,,222
425,869395176,0,0,0,143,145,150,153,158.0,160.0,163.0,168.0,170.0,176.0,179,,186,,,,207,,,215
426,1097435333,0,0,0,1,1,1,1,1.0,2.0,3.0,3.0,3.0,3.0,3,3.0,3,3.0,3.0,3.0,3,3.0,3.0,3
427,1124120907,0,0,0,24,31,39,45,51.0,55.0,59.0,66.0,85.0,101.0,110,,138,,,,180,,,216
428,1130463523,0,0,0,9,14,19,19,24.0,25.0,27.0,31.0,36.0,42.0,48,50.0,53,55.0,59.0,62.0,68,72.0,76.0,82
429,560474456,0,0,0,336,337,334,334,343.0,345.0,358.0,363.0,371.0,383.0,381,385.0,388,,,,410,,,419
430,907669618,0,0,0,1,1,1,1,0.0,0.0,0.0,0.0,0.0,0.0,0,0.0,0,0.0,0.0,0.0,0,0.0,0.0,0
431,710089916,0,0,0,31,35,39,39,46.0,48.0,50.0,52.0,54.0,58.0,60,,70,,,,84,,,93
432,793162246,0,0,0,1428,1438,1457,1462,1472.0,1472.0,1473.0,1476.0,1477.0,1478.0,1483,,1485,,,,1263,,,1132
433,1065317917,0,0,0,19,20,21,21,21.0,21.0,22.0,23.0,23.0,24.0,25,27.0,30,31.0,31.0,32.0,32,32.0,32.0,32
434,737461130,0,0,0,696,695,690,686,683.0,677.0,672.0,669.0,665.0,662.0,642,,634,,,,618,,,598
435,663993130,0,0,0,90,89,89,88,86.0,87.0,88.0,89.0,90.0,91.0,92,,88,,,,90,,,93
436,933231033,0,0,0,212,214,219,222,226.0,226.0,228.0,229.0,231.0,233.0,235,,238,,,,242,,,244
437,743417270,0,0,0,206,205,204,204,205.0,206.0,206.0,206.0,205.0,205.0,201,,202,,,,202,,,177
438,798898277,0,0,0,656,659,663,663,670.0,671.0,673.0,675.0,678.0,690.0,666,,626,,,,572,,,528
439,549401113,0,0,0,279,280,284,287,289.0,292.0,297.0,297.0,298.0,298.0,295,,300,,,,295,,,283
440,857189807,0,0,0,14,16,16,18,19.0,19.0,19.0,20.0,21.0,21.0,21,22.0,23,23.0,23.0,24.0,24,24.0,24.0,25
441,1055149353,0,0,0,23,25,25,25,28.0,28.0,30.0,30.0,31.0,33.0,36,36.0,36,37.0,39.0,40.0,43,44.0,45.0,46
442,1199912555,0,0,0,32,33,35,36,39.0,40.0,43.0,45.0,46.0,48.0,50,51.0,53,55.0,56.0,59.0,61,61.0,62.0,64
443,1249825438,0,0,0,41,50,63,66,73.0,75.0,80.0,83.0,88.0,98.0,101,103.0,105,107.0,109.0,111.0,113,115.0,116.0,117
444,967191118,0,0,0,12,13,14,14,14.0,14.0,14.0,14.0,14.0,14.0,14,15.0,15,15.0,15.0,15.0,15,15.0,15.0,15
445,871620435,0,0,0,15,15,18,18,26.0,27.0,28.0,29.0,30.0,32.0,32,32.0,32,32.0,33.0,33.0,33,33.0,33.0,33
446,865490824,0,0,0,44,44,51,51,51.0,52.0,52.0,54.0,56.0,60.0,61,61.0,62,63.0,65.0,66.0,68,69.0,70.0,71
447,1079955163,0,0,0,57,60,64,64,66.0,69.0,72.0,77.0,90.0,92.0,94,98.0,100,104.0,107.0,111.0,116,124.0,129.0,134
448,600514129,0,0,0,76,77,78,80,81.0,82.0,82.0,83.0,85.0,86.0,86,88.0,90,90.0,90.0,90.0,90,90.0,91.0,91
449,976975672,0,0,0,100,105,117,117,132.0,136.0,141.0,145.0,151.0,158.0,158,158.0,159,160.0,162.0,163.0,165,169.0,175.0,182
450,720087997,0,0,0,389,386,383,386,393.0,395.0,400.0,413.0,425.0,437.0,439,445.0,465,475.0,488.0,502.0,522,534.0,544.0,558
451,699651184,0,0,0,168,165,166,166,163.0,162.0,161.0,158.0,155.0,153.0,152,151.0,151,148.0,143.0,139.0,135,135.0,135.0,136
452,605122868,0,0,0,239,239,233,228,224.0,224.0,223.0,219.0,215.0,213.0,210,208.0,205,201.0,294.0,291.0,189,185.0,180.0,178
453,1000425584,0,0,0,29,37,41,41,46.0,46.0,52.0,53.0,56.0,58.0,57,58.0,58,59.0,61.0,63.0,65,65.0,66.0,66
454,549159213,0,0,0,255,263,267,269,281.0,281.0,282.0,286.0,290.0,294.0,297,299.0,302,302.0,293.0,293.0,293,295.0,298.0,300
455,898316315,0,0,0,1,1,1,1,1.0,1.0,1.0,1.0,1.0,1.0,1,1.0,1,1.0,1.0,1.0,1,1.0,1.0,1
456,1017484769,0,0,0,10,11,16,16,19.0,21.0,23.0,26.0,30.0,35.0,36,40.0,43,44.0,47.0,51.0,53,54.0,56.0,59
457,733025646,0,0,0,872,869,851,845,836.0,828.0,819.0,793.0,786.0,762.0,761,657.0,642,638.0,626.0,612.0,601,592.0,585.0,571
458,909624960,0,0,0,25,30,33,34,45.0,48.0,53.0,58.0,64.0,70.0,76,78.0,80,82.0,84.0,86.0,90,92.0,94.0,96
459,1086459983,0,0,0,131,138,139,139,143.0,143.0,143.0,143.0,143.0,143.0,143,148.0,152,155.0,162.0,168.0,186,190.0,199.0,206
460,593007494,0,0,0,399,399,408,407,417.0,435.0,355.0,345.0,339.0,234.0,232,237.0,240,246.0,252.0,257.0,260,264.0,269.0,274
461,660179663,0,0,0,107,113,131,134,147.0,147.0,148.0,151.0,152.0,155.0,160,166.0,173,175.0,178.0,185.0,194,199.0,205.0,230
462,1097157656,0,0,0,142,156,167,168,168.0,168.0,168.0,170.0,172.0,173.0,176,178.0,181,183.0,185.0,186.0,188,189.0,189.0,190
463,751776863,0,0,0,13,16,19,19,23.0,25.0,26.0,28.0,29.0,33.0,35,38.0,42,44.0,46.0,48.0,52,54.0,57.0,59
464,1253973206,0,0,0,11,79,232,314,322.0,322.0,315.0,316.0,320.0,0.0,0,0.0,0,0.0,0.0,0.0,0,0.0,0.0,0
465,828790972,0,0,0,129,134,139,139,149.0,151.0,155.0,158.0,162.0,166.0,171,173.0,175,178.0,190.0,194.0,199,208.0,215.0,223
466,933413410,0,0,0,174,176,183,186,191.0,191.0,193.0,195.0,196.0,199.0,200,201.0,202,202.0,202.0,203.0,203,203.0,203.0,203
467,550959163,0,0,0,247,245,248,245,245.0,245.0,247.0,245.0,245.0,240.0,237,237.0,237,238.0,239.0,240.0,241,241.0,241.0,241
468,933926000,0,0,0,148,155,157,159,164.0,165.0,168.0,171.0,175.0,178.0,180,181.0,182,182.0,183.0,183.0,184,186.0,187.0,189
469,953168456,0,0,0,16,16,19,20,26.0,28.0,29.0,31.0,34.0,37.0,43,47.0,50,54.0,57.0,61.0,62,63.0,66.0,70
470,1124754999,0,0,0,1,1,1,1,1.0,0.0,1.0,1.0,1.0,1.0,1,1.0,1,1.0,1.0,1.0,1,1.0,1.0,1
471,832949213,0,0,0,62,67,68,68,69.0,69.0,69.0,69.0,69.0,69.0,69,69.0,69,70.0,70.0,71.0,71,71.0,72.0,73
472,801216472,0,0,0,25,25,25,25,25.0,25.0,25.0,25.0,26.0,26.0,28,28.0,28,28.0,28.0,29.0,30,32.0,34.0,35
473,929898500,0,0,0,110,112,122,122,139.0,143.0,148.0,158.0,176.0,194.0,217,227.0,245,255.0,573.0,598.0,320,336.0,351.0,363
474,850490510,0,0,0,608,611,619,621,629.0,631.0,636.0,641.0,645.0,648.0,652,654.0,658,663.0,667.0,671.0,675,677.0,679.0,681
475,1099394392,0,0,0,11,12,12,12,15.0,16.0,17.0,19.0,22.0,25.0,27,32.0,36,37.0,39.0,42.0,45,48.0,50.0,52
476,674885710,0,0,0,209,211,215,216,219.0,220.0,222.0,230.0,235.0,240.0,240,245.0,252,258.0,269.0,282.0,294,306.0,315.0,329
477,1122991519,0,0,0,3,70,77,78,89.0,90.0,96.0,98.0,99.0,101.0,101,103.0,106,119.0,135.0,152.0,183,199.0,235.0,266
478,904781800,0,0,0,50,50,56,56,56.0,56.0,56.0,58.0,60.0,62.0,64,65.0,66,66.0,66.0,66.0,66,66.0,66.0,66
479,974438263,0,0,0,3,4,4,5,5.0,6.0,6.0,6.0,6.0,6.0,6,6.0,6,6.0,7.0,7.0,7,8.0,9.0,9
480,875608094,0,0,0,67,69,72,75,83.0,88.0,91.0,92.0,94.0,99.0,104,106.0,109,109.0,110.0,110.0,110,114.0,116.0,120
481,1061890181,0,0,0,8,9,9,9,10.0,10.0,11.0,11.0,11.0,11.0,11,11.0,11,11.0,12.0,12.0,13,13.0,13.0,14
482,1033144189,0,0,0,44,49,55,58,61.0,66.0,69.0,70.0,72.0,74.0,74,75.0,76,79.0,81.0,85.0,91,95.0,99.0,104
483,860406062,0,0,0,154,161,174,175,187.0,191.0,197.0,199.0,208.0,221.0,225,228.0,232,237.0,243.0,248.0,250,256.0,260.0,265
484,692445545,0,0,0,329,321,311,304,290.0,287.0,281.0,275.0,262.0,256.0,237,238.0,239,239.0,239.0,239.0,238,239.0,239.0,239
485,974775647,0,0,0,32,36,40,42,56.0,58.0,59.0,62.0,66.0,70.0,76,79.0,85,87.0,91.0,94.0,97,102.0,107.0,113
486,1109819647,0,0,0,8,10,13,13,15.0,16.0,16.0,16.0,16.0,16.0,16,16.0,17,17.0,18.0,18.0,19,19.0,19.0,19
487,1223469038,0,0,0,2,2,2,2,2.0,2.0,2.0,2.0,2.0,3.0,3,5.0,7,9.0,13.0,15.0,18,20.0,23.0,26
488,511503677,0,0,0,623,630,636,640,645.0,645.0,644.0,636.0,628.0,621.0,602,602.0,602,592.0,585.0,582.0,570,564.0,555.0,547
489,1190558632,0,0,0,1,1,1,1,1.0,1.0,1.0,1.0,1.0,1.0,1,1.0,1,1.0,1.0,1.0,1,2.0,2.0,2
490,641665398,0,0,0,10,10,10,10,10.0,10.0,10.0,10.0,10.0,10.0,10,10.0,10,10.0,10.0,10.0,10,10.0,10.0,9
491,964917582,0,0,0,23,23,26,29,37.0,40.0,46.0,54.0,61.0,70.0,75,79.0,83,90.0,93.0,98.0,101,106.0,109.0,113
492,859922576,0,0,0,433,437,451,453,473.0,478.0,483.0,489.0,495.0,501.0,504,510.0,516,522.0,528.0,532.0,538,541.0,544.0,547
493,817353671,0,0,0,217,219,227,229,239.0,241.0,246.0,252.0,257.0,272.0,278,280.0,284,286.0,288.0,290.0,291,294.0,297.0,299
494,990559192,0,0,0,60,62,64,65,67.0,68.0,69.0,70.0,72.0,73.0,73,74.0,75,75.0,76.0,76.0,77,77.0,77.0,77
495,713391965,0,0,0,560,554,544,537,525.0,519.0,511.0,501.0,492.0,480.0,400,388.0,360,364.0,372.0,377.0,380,382.0,384.0,285
496,722565148,0,0,0,875,866,861,854,850.0,844.0,841.0,845.0,851.0,864.0,859,866.0,882,888.0,895.0,898.0,906,913.0,919.0,931
497,532874347,0,0,0,734,728,726,715,694.0,690.0,686.0,674.0,665.0,658.0,616,597.0,586,569.0,561.0,555.0,551,546.0,535.0,520
498,655464934,0,0,0,254,259,261,263,268.0,270.0,272.0,272.0,264.0,264.0,257,256.0,255,254.0,253.0,250.0,249,249.0,249.0,248
499,919930954,0,0,0,538,545,558,563,578.0,585.0,590.0,599.0,605.0,619.0,628,632.0,639,645.0,651.0,655.0,660,668.0,674.0,680
